{
  "random": [
    0.0,
    0.0,
    0.0,
    0.0,
    0.0,
    0.0,
    0.0,
    0.0,
    0.0,
    0.0,
    0.0,
    0.0,
    0.0,
    0.0,
    0.0
  ],
  "strategic": [
    11.200000000000003,
    28.53,
    10.079999999999998,
    12.219999999999999,
    17.930000000000007,
    47.68000000000001,
    29.810000000000002,
    58.03,
    39.53,
    51.3,
    44.38,
    51.809999999999995,
    57.7,
    47.52,
    42.98
  ],
  "avg_r": 0.0,
  "avg_s": 36.71333333333334
}